/*
SQLyog Ultimate v11.33 (64 bit)
MySQL - 5.5.44-MariaDB : Database - hostkeyen
*********************************************************************
*/

/*!40101 SET NAMES utf8 */;

/*!40101 SET SQL_MODE=''*/;

/*!40014 SET @OLD_UNIQUE_CHECKS=@@UNIQUE_CHECKS, UNIQUE_CHECKS=0 */;
/*!40014 SET @OLD_FOREIGN_KEY_CHECKS=@@FOREIGN_KEY_CHECKS, FOREIGN_KEY_CHECKS=0 */;
/*!40101 SET @OLD_SQL_MODE=@@SQL_MODE, SQL_MODE='NO_AUTO_VALUE_ON_ZERO' */;
/*!40111 SET @OLD_SQL_NOTES=@@SQL_NOTES, SQL_NOTES=0 */;
CREATE DATABASE /*!32312 IF NOT EXISTS*/`hostkeyen` /*!40100 DEFAULT CHARACTER SET utf8 */;

USE `hostkeyen`;

/*Table structure for table `Action` */

DROP TABLE IF EXISTS `Action`;

CREATE TABLE `Action` (
  `ID` bigint(20) NOT NULL AUTO_INCREMENT,
  `Section_ID` bigint(20) DEFAULT NULL,
  `Groups_ID` bigint(20) DEFAULT NULL,
  `Action` varchar(50) DEFAULT NULL,
  PRIMARY KEY (`ID`),
  KEY `Zero_Section_ID` (`Section_ID`),
  KEY `Zero_Groups_ID` (`Groups_ID`),
  KEY `Zero_Section_ID_2` (`Section_ID`,`Groups_ID`,`Action`),
  CONSTRAINT `Action_ibfk_1` FOREIGN KEY (`Section_ID`) REFERENCES `Section` (`ID`) ON DELETE CASCADE ON UPDATE CASCADE,
  CONSTRAINT `Action_ibfk_2` FOREIGN KEY (`Groups_ID`) REFERENCES `Groups` (`ID`) ON DELETE CASCADE ON UPDATE CASCADE
) ENGINE=InnoDB DEFAULT CHARSET=utf8 CHECKSUM=1 DELAY_KEY_WRITE=1 ROW_FORMAT=FIXED;

/*Data for the table `Action` */

/*Table structure for table `ConfigCalculator` */

DROP TABLE IF EXISTS `ConfigCalculator`;

CREATE TABLE `ConfigCalculator` (
  `ID` bigint(20) NOT NULL AUTO_INCREMENT COMMENT 'Идентификатор',
  `Name` varchar(100) DEFAULT NULL COMMENT 'Название',
  `Currency` enum('eur','rur') NOT NULL DEFAULT 'eur' COMMENT 'Валюта',
  `ComponentGroup` set('NL','RU','Mini','Storage','Hosting','Nodes','Micro','VPS_SSD','VPS_Win','Cloud','Enterprise','1CPU','2CPU') DEFAULT NULL COMMENT 'Группы',
  PRIMARY KEY (`ID`)
) ENGINE=InnoDB AUTO_INCREMENT=2 DEFAULT CHARSET=utf8 CHECKSUM=1 DELAY_KEY_WRITE=1 ROW_FORMAT=FIXED COMMENT='Конфигурации калькулятора';

/*Data for the table `ConfigCalculator` */

insert  into `ConfigCalculator`(`ID`,`Name`,`Currency`,`ComponentGroup`) values (1,'Нидерланды Мини','eur','NL,Mini');

/*Table structure for table `Content` */

DROP TABLE IF EXISTS `Content`;

CREATE TABLE `Content` (
  `ID` bigint(20) NOT NULL AUTO_INCREMENT,
  `Section_ID` bigint(20) DEFAULT NULL,
  `Lang` varchar(10) DEFAULT NULL,
  `Name` varchar(50) DEFAULT NULL,
  `Content` text,
  `Block` varchar(50) NOT NULL,
  PRIMARY KEY (`ID`),
  KEY `Zero_Section_ID` (`Section_ID`),
  CONSTRAINT `Content_ibfk_1` FOREIGN KEY (`Section_ID`) REFERENCES `Section` (`ID`) ON DELETE CASCADE ON UPDATE CASCADE
) ENGINE=InnoDB AUTO_INCREMENT=21 DEFAULT CHARSET=utf8;

/*Data for the table `Content` */

insert  into `Content`(`ID`,`Section_ID`,`Lang`,`Name`,`Content`,`Block`) values (10,NULL,'ru-ru','Заголовок','<p>Заголовок</p>','header_Center'),(11,NULL,'ru-ru','Подвал','<p>Подвал</p>','footer_Center'),(18,44,NULL,'Левый контент','<h2 class=\"b-about__description-title\">\r\nTelecommunication company \"Mir Telematiki\"<br>\r\n(World of telematics), trade mark \"HOSTKEY\" is a joint venture with foreign participation\r\n</h2>','content_Left'),(19,44,NULL,'Центральный  контент','<p class=\"b-about__description-text\">\r\nSince 2007 it has been providing colocation services and leasing of equipment, as well as additional high quality services at competitive prices, using modern Russian and European data centers to corporate\r\nentities and private clients.\r\n</p>\r\n<p class=\"b-about__description-text\">\r\nThe company operates on the basis of the licenses for provision of telematics services, issued by\r\nRussian Federal Surveillance Service for Mass\r\nCommunications, Communications and Cultural\r\nHeritage Protection.\r\n</p>\r\n<p class=\"b-about__description-text\">\r\nThe company acts in the capacity of an Silver Hosting partner of Microsoft Corporation,\r\n</p>','content_Center'),(20,44,NULL,'Правый  контент','<p class=\"b-about__description-text\">\r\nwhich guarantees legality and license transparency\r\nof the hosting services offered on the basis of\r\nMicrosoft products.\r\n</p>\r\n<p class=\"b-about__description-text\">\r\nOur other partners include such companies as\r\nSynterra, Evoswitch, NewTelco, Ancotel, Optimal\r\nTelecom and many others.\r\n</p>\r\n<p class=\"b-about__description-text\">\r\nThe experience and professionalism of HOSTKEY\r\nemployees ensure high quality and prompt rendering of services requested, from installing to administering and to full support of a client`s IT system.\r\n</p>','content_Right');

/*Table structure for table `ContentBlock` */

DROP TABLE IF EXISTS `ContentBlock`;

CREATE TABLE `ContentBlock` (
  `ID` bigint(20) NOT NULL AUTO_INCREMENT COMMENT 'Идентификатор',
  `Section_ID` bigint(20) DEFAULT NULL COMMENT 'Раздел',
  `Head` varchar(250) DEFAULT NULL COMMENT 'Заголовок',
  `IsFeatures` tinyint(1) DEFAULT '0' COMMENT 'Особенности',
  `Img` varchar(250) DEFAULT NULL COMMENT 'Картинка',
  `Content` text COMMENT 'Контент',
  PRIMARY KEY (`ID`),
  KEY `Section_ID` (`Section_ID`)
) ENGINE=InnoDB AUTO_INCREMENT=30 DEFAULT CHARSET=utf8 COMMENT='Контент блоки';

/*Data for the table `ContentBlock` */

insert  into `ContentBlock`(`ID`,`Section_ID`,`Head`,`IsFeatures`,`Img`,`Content`) values (3,1,'No faceless standards',0,'contentblock/100/100/100/100/100/100/100/100/100/100/3/main-page-icon-1.png','Every client gets a maximally customized treatment. We are ready to meet your most advanced needs to server configuration.'),(4,1,'a single entry point for both markets',0,'contentblock/100/100/100/100/100/100/100/100/100/100/4/main-page-icon-2.png','Оur goal is to help the Client out with all the infrastructure from the wire up to software solutions both in Russia and Europe'),(5,1,'first hand servers',0,'contentblock/100/100/100/100/100/100/100/100/100/100/5/main-page-icon-3.png','Every server we sell has been assembled and checked personally'),(6,1,'Promises we keep',0,'contentblock/100/100/100/100/100/100/100/100/100/100/6/main-page-icon-4.png','Qualified personnel, professional services for both the experienced and the newbies'),(7,1,'We fulfill what others don’t dare',0,'contentblock/100/100/100/100/100/100/100/100/100/100/7/main-page-icon-5.png','However complicated a project never scares us. Where others flinch we find a way'),(8,1,'Years of excellence',0,'contentblock/100/100/100/100/100/100/100/100/100/100/8/main-page-icon-6.png','Earned clients’ respect and a reputation to be proud of'),(9,1,'professionals for professionals',0,'contentblock/100/100/100/100/100/100/100/100/100/100/9/main-page-icon-7.png','We speak the language of IT specialists from sales to day-to-day support'),(10,1,'No needles thrift',0,'contentblock/100/100/100/100/100/100/100/100/100/100/10/main-page-icon-8.png','Resellers and Affiliates enjoy superior conditions. Call back for regular sales and special actions'),(11,52,'Tier 3 Data Centers',0,'contentblock/100/100/100/100/100/100/100/100/100/100/11/dedicate-select-icon-1.png','Only the best secure premises with reliable power and fastest roots to EU, US and Asia for your hardware.'),(12,52,'Servers to be sure of',0,'contentblock/100/100/100/100/100/100/100/100/100/100/12/dedicate-select-icon-2.png','Always the most reliable hardware from industry learders. Full remote control through IP-KVM (IPMI) on each server.'),(13,52,'Fast service 24/7',0,'contentblock/100/100/100/100/100/100/100/100/100/100/13/dedicate-select-icon-3.png','Rapid Hardware replacement. Instant delivery of stock'),(14,52,'No-nonsense affordability',0,'contentblock/100/100/100/100/100/100/100/100/100/100/14/dedicate-select-icon-4.png','VAT free for International customers. Flat traffic rates. No minimum period & setup fee. Save on value rates. All major payment systems accepted.'),(15,52,'Network equipment',1,'contentblock/100/100/100/100/100/100/100/100/100/100/15/dedicate-features-icons-1.png','For complex projects we are leasing network equipment. Our network engineers will help you to configure and make it operational.'),(16,52,'USB flash / USB key / USB flash drive',1,'contentblock/100/100/100/100/100/100/100/100/100/100/16/dedicate-features-icons-2.png','We can connect a USB drive that can be used for backupor booting server’s OS/Hypervisor. Clients’ own USB drives are delivered to the Data Center via HOSTKEY or directly by a courier.'),(17,52,'Technical support',1,'contentblock/100/100/100/100/100/100/100/100/100/100/17/dedicate-features-icons-3.png','HOSTKEY provides around the clock support to its clients. To contact our technical support, please, send an email to support@hostkey.com indicating the Service ID'),(18,52,'BGP services and clients’own IP-block announcement',1,'contentblock/100/100/100/100/100/100/100/100/100/100/18/dedicate-features-icons-4.png','HOSKEY can announce client IPv4 networks via its own equipment without using a separate BGP speaker.'),(19,52,'BGP services using client’s AS',1,'contentblock/100/100/100/100/100/100/100/100/100/100/19/dedicate-features-icons-5.png','We are offering flexible options to customers with their own AS to announce IP address prefixes via our equipment through BPG. We will establish the necessary BGP sessions and will ensure the proper distribution of IP block prefixes from the client’s AS.'),(20,52,'IPv4 addresses',1,'contentblock/100/100/100/100/100/100/100/100/100/100/20/dedicate-features-icons-6.png','We are leasing IP blocks up to 512 addresses in Russia and the Netherlands. Blocks can be routed via VLAN to the client’s server. It is possible to use the IP addresses on various servers rented from us.'),(21,52,'IPv6 addresses',1,'contentblock/100/100/100/100/100/100/100/100/100/100/21/dedicate-features-icons-7.png','We fully support IPv6 on all of our platforms. If you would like to order IPv6 /64 block of IP addresses, please contact HOSTKEY technical support.IPv6 addresses are allocated free of charge.'),(22,44,'No faceless standards',0,'contentblock/100/100/100/100/100/100/100/100/100/100/22/about-icon-1.png','Every client gets a maximally customized treatment. We are ready to meet your most advanced needs to server configuration.'),(23,44,'a single entry point for both markets',0,'contentblock/100/100/100/100/100/100/100/100/100/100/23/about-icon-2.png','Оur goal is to help the Client out with all the infrastructure from the wire up to software solutions both in Russia and Europe'),(24,44,'first hand servers',0,'contentblock/100/100/100/100/100/100/100/100/100/100/24/about-icon-3.png','Every server we sell has been assembled and checked personally'),(25,44,'Promises we keep',0,'contentblock/100/100/100/100/100/100/100/100/100/100/25/about-icon-4.png','Qualified personnel, professional services for both the experienced and the newbies'),(26,44,'We fulfill what others don’t dare',0,'contentblock/100/100/100/100/100/100/100/100/100/100/26/about-icon-5.png','However complicated a project never scares us. Where others flinch we find a way'),(27,44,'Years of excellence',0,'contentblock/100/100/100/100/100/100/100/100/100/100/27/about-icon-6.png','Earned clients’ respect and a reputation to be proud of'),(28,44,'professionals for professionals',0,'contentblock/100/100/100/100/100/100/100/100/100/100/28/about-icon-7.png','We speak the language of IT specialists from sales to day-to-day support'),(29,44,'No needles thrift',0,'contentblock/100/100/100/100/100/100/100/100/100/100/29/about-icon-8.png','Resellers and Affiliates enjoy superior conditions. Call back for regular sales and special actions');

/*Table structure for table `ContentLittle` */

DROP TABLE IF EXISTS `ContentLittle`;

CREATE TABLE `ContentLittle` (
  `ID` bigint(20) NOT NULL AUTO_INCREMENT COMMENT 'Идентификатор',
  `Name` varchar(50) DEFAULT NULL COMMENT 'Название',
  `Content` varchar(250) DEFAULT NULL COMMENT 'Значение',
  PRIMARY KEY (`ID`)
) ENGINE=InnoDB DEFAULT CHARSET=utf8 COMMENT='Мелочи';

/*Data for the table `ContentLittle` */

/*Table structure for table `Groups` */

DROP TABLE IF EXISTS `Groups`;

CREATE TABLE `Groups` (
  `ID` bigint(20) NOT NULL AUTO_INCREMENT,
  `Name` varchar(50) DEFAULT NULL,
  `Status` enum('open','close') NOT NULL DEFAULT 'open',
  `Description` text,
  PRIMARY KEY (`ID`)
) ENGINE=InnoDB AUTO_INCREMENT=5 DEFAULT CHARSET=utf8 ROW_FORMAT=FIXED;

/*Data for the table `Groups` */

insert  into `Groups`(`ID`,`Name`,`Status`,`Description`) values (1,'Разработчики','open',NULL),(2,'Гости','open',NULL),(3,'Пользователи','open',NULL),(4,'Администратор','open',NULL);

/*Table structure for table `News` */

DROP TABLE IF EXISTS `News`;

CREATE TABLE `News` (
  `ID` bigint(20) NOT NULL AUTO_INCREMENT COMMENT 'Идентификатор',
  `Name` varchar(200) DEFAULT NULL COMMENT 'Заголовок',
  `Description` text COMMENT 'Краткая новость',
  `DateCreate` datetime DEFAULT NULL COMMENT 'Дата создания новости',
  `Content` text COMMENT 'Подробная новость',
  `IsDetails` tinyint(4) NOT NULL DEFAULT '0' COMMENT 'Новость подробно',
  PRIMARY KEY (`ID`)
) ENGINE=InnoDB AUTO_INCREMENT=52 DEFAULT CHARSET=utf8;

/*Data for the table `News` */

insert  into `News`(`ID`,`Name`,`Description`,`DateCreate`,`Content`,`IsDetails`) values (6,'NEW Windows VPS (RDP) in NL from 7 EUR only!','HOSTKEY finally deployed HYPER-V cluster in our NL facility and proud to offer reliable Windows hosts. Check it out now!','2015-06-01 00:00:00',NULL,0),(8,'NEW Windows VPS (RDP) in NL from 7 EUR only!','HOSTKEY finally deployed HYPER-V cluster in our NL facility and proud to offer reliable Windows hosts. Check it out now!','2015-06-09 00:00:00',NULL,0),(9,'NEW Windows VPS (RDP) in NL from 7 EUR only!','HOSTKEY finally deployed HYPER-V cluster in our NL facility and proud to offer reliable Windows hosts. Check it out now!','2015-06-09 00:00:00',NULL,0),(10,'NEW Windows VPS (RDP) in NL from 7 EUR only!','HOSTKEY finally deployed HYPER-V cluster in our NL facility and proud to offer reliable Windows hosts. Check it out now!','2015-05-14 00:00:00',NULL,0),(12,'NEW Windows VPS (RDP) in NL from 7 EUR only!','HOSTKEY finally deployed HYPER-V cluster in our NL facility and proud to offer reliable Windows hosts. Check it out now!','2015-06-09 00:00:00',NULL,0),(13,'NEW Windows VPS (RDP) in NL from 7 EUR only!','HOSTKEY finally deployed HYPER-V cluster in our NL facility and proud to offer reliable Windows hosts. Check it out now!','2015-04-15 00:00:00',NULL,0),(14,'NEW Windows VPS (RDP) in NL from 7 EUR only!','HOSTKEY finally deployed HYPER-V cluster in our NL facility and proud to offer reliable Windows hosts. Check it out now!','2015-06-09 00:00:00',NULL,0),(15,'NEW Windows VPS (RDP) in NL from 7 EUR only!','HOSTKEY finally deployed HYPER-V cluster in our NL facility and proud to offer reliable Windows hosts. Check it out now!','2015-06-09 00:00:00',NULL,0),(19,'NEW Windows VPS (RDP) in NL from 7 EUR only!','HOSTKEY finally deployed HYPER-V cluster in our NL facility and proud to offer reliable Windows hosts. Check it out now!','2015-06-09 00:00:00',NULL,0),(21,'NEW Windows VPS (RDP) in NL from 7 EUR only!','HOSTKEY finally deployed HYPER-V cluster in our NL facility and proud to offer reliable Windows hosts. Check it out now!','2015-06-09 00:00:00',NULL,0),(22,'NEW Windows VPS (RDP) in NL from 7 EUR only!','HOSTKEY finally deployed HYPER-V cluster in our NL facility and proud to offer reliable Windows hosts. Check it out now!','2015-06-09 00:00:00',NULL,0),(23,'NEW Windows VPS (RDP) in NL from 7 EUR only!','HOSTKEY finally deployed HYPER-V cluster in our NL facility and proud to offer reliable Windows hosts. Check it out now!','2015-06-09 00:00:00',NULL,0),(24,'NEW Windows VPS (RDP) in NL from 7 EUR only!','HOSTKEY finally deployed HYPER-V cluster in our NL facility and proud to offer reliable Windows hosts. Check it out now!','2015-06-09 00:00:00',NULL,0),(25,'NEW Windows VPS (RDP) in NL from 7 EUR only!','HOSTKEY finally deployed HYPER-V cluster in our NL facility and proud to offer reliable Windows hosts. Check it out now!','2015-05-30 00:00:00',NULL,0),(26,'NEW Windows VPS (RDP) in NL from 7 EUR only!','HOSTKEY finally deployed HYPER-V cluster in our NL facility and proud to offer reliable Windows hosts. Check it out now!','2015-06-09 00:00:00',NULL,0),(34,'NEW Windows VPS (RDP) in NL from 7 EUR only!','HOSTKEY finally deployed HYPER-V cluster in our NL facility and proud to offer reliable Windows hosts. Check it out now!','2015-06-09 00:00:00',NULL,0),(35,'NEW Windows VPS (RDP) in NL from 7 EUR only!','HOSTKEY finally deployed HYPER-V cluster in our NL facility and proud to offer reliable Windows hosts. Check it out now!','2015-06-09 00:00:00',NULL,0),(37,'NEW Windows VPS (RDP) in NL from 7 EUR only!','HOSTKEY finally deployed HYPER-V cluster in our NL facility and proud to offer reliable Windows hosts. Check it out now!','2015-06-09 00:00:00',NULL,0),(38,'NEW Windows VPS (RDP) in NL from 7 EUR only!','HOSTKEY finally deployed HYPER-V cluster in our NL facility and proud to offer reliable Windows hosts. Check it out now!','2015-06-09 00:00:00',NULL,0),(39,'NEW Windows VPS (RDP) in NL from 7 EUR only!','HOSTKEY finally deployed HYPER-V cluster in our NL facility and proud to offer reliable Windows hosts. Check it out now!','2015-01-28 00:00:00',NULL,0),(40,'NEW Windows VPS (RDP) in NL from 7 EUR only!','HOSTKEY finally deployed HYPER-V cluster in our NL facility and proud to offer reliable Windows hosts. Check it out now!','2015-06-09 00:00:00',NULL,0),(41,'NEW Windows VPS (RDP) in NL from 7 EUR only!','HOSTKEY finally deployed HYPER-V cluster in our NL facility and proud to offer reliable Windows hosts. Check it out now!','2015-06-09 00:00:00',NULL,0),(42,'NEW Windows VPS (RDP) in NL from 7 EUR only!','HOSTKEY finally deployed HYPER-V cluster in our NL facility and proud to offer reliable Windows hosts. Check it out now!','2015-06-09 00:00:00',NULL,0),(43,'NEW Windows VPS (RDP) in NL from 7 EUR only!','HOSTKEY finally deployed HYPER-V cluster in our NL facility and proud to offer reliable Windows hosts. Check it out now!','2015-06-09 00:00:00',NULL,0),(44,'NEW Windows VPS (RDP) in NL from 7 EUR only!','HOSTKEY finally deployed HYPER-V cluster in our NL facility and proud to offer reliable Windows hosts. Check it out now!','2015-06-09 00:00:00',NULL,0),(45,'NEW Windows VPS (RDP) in NL from 7 EUR only!','HOSTKEY finally deployed HYPER-V cluster in our NL facility and proud to offer reliable Windows hosts. Check it out now!','2015-06-09 00:00:00',NULL,0),(46,'NEW Windows VPS (RDP) in NL from 7 EUR only!','HOSTKEY finally deployed HYPER-V cluster in our NL facility and proud to offer reliable Windows hosts. Check it out now!','2015-06-09 00:00:00',NULL,0),(47,'NEW Windows VPS (RDP) in NL from 7 EUR only!','HOSTKEY finally deployed HYPER-V cluster in our NL facility and proud to offer reliable Windows hosts. Check it out now!','2015-06-09 00:00:00',NULL,0),(48,'NEW Windows VPS (RDP) in NL from 7 EUR only!','HOSTKEY finally deployed HYPER-V cluster in our NL facility and proud to offer reliable Windows hosts. Check it out now!','2015-06-09 00:00:00',NULL,0),(49,'NEW Windows VPS (RDP) in NL from 7 EUR only!','HOSTKEY finally deployed HYPER-V cluster in our NL facility and proud to offer reliable Windows hosts. Check it out now!','2015-06-09 00:00:00',NULL,0),(50,'Самая свежая новость с заголовком','Описаниме \r\n\"Самая свежая новость с заголовком\"','2015-06-30 00:00:00','<p class=\"b-news-one__item-text\">We would like to inform you that the European Directive 2002/38/EC has introduced new VAT rules involving business to consumer supplies of digital services, which came into force on the 1st January 2015.</p>\r\n\r\n<p class=\"b-news-one__item-text\">According to the new rules, end customers will be liable for segmented VAT rates depending on the country of their own residency, not on the country where the provider is located (as it has been until now). This change may either decrease or increase your monthly charges for our services depending on your residency.</p>\r\n\r\n<p class=\"b-news-one__item-text\">For example, our customer based in Germany (VAT 19%) will be paying less than a customer in the Netherlands (VAT 21%), because of the difference in the VAT policies of those two countries.</p>\r\n\r\n<p class=\"b-news-one__item-text\">This change is only applicable to all of our customers (new and existing) that are private individuals residing in the EU and EU based businesses that have not provided us with a valid EU VAT ID:</p>\r\n\r\n<p class=\"b-news-one__item-text\">This change does not affect: &ndash; Any customers based in the Netherlands; &ndash; Any EU business customers that have provided us with a valid EU VAT ID; &ndash; Any customers residing outside the EU.</p>\r\n\r\n<p class=\"b-news-one__item-text\">All of our customers who are affected by this change will have new invoices generated displaying the VAT rate of their member state. If you&rsquo;re paying your invoices using automatic subscription payments we kindly ask you to update (cancel current subscription and create subscription with an updated amount) them accordingly to avoid unwanted service suspension.</p>\r\n\r\n<p class=\"b-news-one__item-text\">We kindly ask you to make sure you have your address details correct in profile so that the correct VAT can be calculated: this is the law. If you require any assistance, have questions or concerns, please contact our billing department with: <a class=\"b-link\" href=\"#\">bill@hostkey.com</a></p>',1),(51,NULL,'Еще одна свежая новость без заголовка.','2015-06-25 00:00:00',NULL,1);

/*Table structure for table `Section` */

DROP TABLE IF EXISTS `Section`;

CREATE TABLE `Section` (
  `ID` bigint(20) NOT NULL AUTO_INCREMENT,
  `Section_ID` bigint(20) DEFAULT NULL,
  `Url` varchar(150) DEFAULT NULL,
  `UrlThis` varchar(50) NOT NULL,
  `UrlRedirect` varchar(150) DEFAULT NULL,
  `Layout` varchar(100) DEFAULT NULL,
  `Controller` varchar(50) DEFAULT NULL,
  `IsAuthorized` enum('no','yes') NOT NULL DEFAULT 'no',
  `IsEnable` enum('yes','no') NOT NULL DEFAULT 'yes',
  `IsVisible` enum('no','yes') NOT NULL DEFAULT 'no',
  `IsIndex` enum('yes','no') DEFAULT 'yes',
  `Sort` int(11) DEFAULT NULL,
  `Name` varchar(100) DEFAULT NULL,
  `Title` varchar(150) DEFAULT NULL,
  `Keywords` varchar(250) DEFAULT NULL,
  `Description` text,
  `Content` text,
  `Currency` enum('eur','rur') NOT NULL DEFAULT 'eur',
  `ComponentGroup` set('NL','RU','Mini','Storage','Hosting','Nodes','Micro','VPS_SSD','VPS_Win','Cloud','Enterprise','1CPU','2CPU') DEFAULT NULL,
  PRIMARY KEY (`ID`),
  KEY `Zero_Section_ID` (`Section_ID`),
  CONSTRAINT `Section_ibfk_1` FOREIGN KEY (`Section_ID`) REFERENCES `Section` (`ID`) ON DELETE CASCADE ON UPDATE CASCADE
) ENGINE=InnoDB AUTO_INCREMENT=80 DEFAULT CHARSET=utf8 CHECKSUM=1 DELAY_KEY_WRITE=1 ROW_FORMAT=FIXED;

/*Data for the table `Section` */

insert  into `Section`(`ID`,`Section_ID`,`Url`,`UrlThis`,`UrlRedirect`,`Layout`,`Controller`,`IsAuthorized`,`IsEnable`,`IsVisible`,`IsIndex`,`Sort`,`Name`,`Title`,`Keywords`,`Description`,`Content`,`Currency`,`ComponentGroup`) values (1,NULL,'/','/',NULL,'Content_Main','Content_Section_Main','no','yes','no','yes',10,'Главаная страница','Главаная страница','Главаная страница','Главаная страница',NULL,'eur',NULL),(2,1,'/user','user',NULL,'Zero_Content','Zero_Users_Login','no','yes','no','no',10,'Пользователь вход','Пользователь вход','Пользователь вход','Пользователь вход',NULL,'eur',NULL),(3,33,'/admin/user','user',NULL,'Zero_Main','Zero_Section_Page','yes','yes','yes','yes',30,'Пользователи','Пользователи','Пользователи','Пользователи',NULL,'eur',NULL),(4,2,'/user/logout','logout',NULL,NULL,'Zero_Users_Login','no','yes','no','no',10,'Пользователь выход','Пользователь выход','Пользователь выход','Пользователь выход',NULL,'eur',NULL),(5,2,'/user/captcha','captcha',NULL,NULL,'Zero_Users_Kcaptcha','no','yes','no','yes',50,'Капча','Капча','Капча','Капча',NULL,'eur',NULL),(8,3,'/admin/user/users','users',NULL,'Zero_Main','Zero_Users_Grid','yes','yes','yes','yes',10,'Пользователи','Пользователи','Пользователи','Пользователи',NULL,'eur',NULL),(9,8,'/admin/user/users/edit','edit',NULL,'Zero_Main','Zero_Users_Edit','yes','yes','no','yes',10,'Пользователи изменение','Пользователи изменение','Пользователи изменение','Пользователи изменение',NULL,'eur',NULL),(10,3,'/admin/user/groups','groups',NULL,'Zero_Main','Zero_Groups_Grid','yes','yes','yes','yes',20,'Группы','Группы','Группы','Группы',NULL,'eur',NULL),(11,10,'/admin/user/groups/edit','edit',NULL,'Zero_Main','Zero_Groups_Edit','yes','yes','no','yes',10,'Группы изменение','Группы изменение','Группы изменение','Группы изменение',NULL,'eur',NULL),(12,33,'/admin/site','site',NULL,'Zero_Main','Zero_Section_Page','yes','yes','yes','yes',40,'Сайт','Сайт','Сайт','Сайт','<table cellspacing=\"1\" class=\"tbllist\">\r\n	<tbody>\r\n		<tr>\r\n			<th width=\"400px\">Ссылки на страницы</th>\r\n			<th width=\"400px\">Исходная страница</th>\r\n		</tr>\r\n		<tr>\r\n			<td>1. <a href=\"http://site-f.hostke.ru/\" target=\"_blank\">http://site-f.hostke.ru/</a></td>\r\n			<td>1. <a href=\"http://site-f.hostke.ru/site/main.page.php\" target=\"_blank\">http://site-f.hostke.ru/site/main.page.php</a></td>\r\n		</tr>\r\n		<tr>\r\n			<td>2. <a href=\"http://site-f.hostke.ru/about\" target=\"_blank\">http://site-f.hostke.ru/about</a></td>\r\n			<td>2. <a href=\"http://site-f.hostke.ru/site/about.php\" target=\"_blank\">http://site-f.hostke.ru/site/about.php</a></td>\r\n		</tr>\r\n		<tr>\r\n			<td>3. <a href=\"http://site-f.hostke.ru/contacts\" target=\"_blank\">http://site-f.hostke.ru/contacts</a></td>\r\n			<td>3. <a href=\"http://site-f.hostke.ru/site/contacts.php\" target=\"_blank\">http://site-f.hostke.ru/site/contacts.php</a></td>\r\n		</tr>\r\n		<tr>\r\n			<td>4. <a href=\"http://site-f.hostke.ru/dedicated\" target=\"_blank\">http://site-f.hostke.ru/dedicated</a></td>\r\n			<td>4. <a href=\"http://site-f.hostke.ru/site/dedicated.php\" target=\"_blank\">http://site-f.hostke.ru/site/dedicated.php</a></td>\r\n		</tr>\r\n		<tr>\r\n			<td>5. <a href=\"http://site-f.hostke.ru/dedicated/service\" target=\"_blank\">http://site-f.hostke.ru/dedicated/service</a></td>\r\n			<td>5. <a href=\"http://site-f.hostke.ru/site/dedicated.select.service.php\" target=\"_blank\">http://site-f.hostke.ru/site/dedicated.select.service.php</a></td>\r\n		</tr>\r\n		<tr>\r\n			<td>6. <a href=\"http://site-f.hostke.ru/dedicated/step2\" target=\"_blank\">http://site-f.hostke.ru/dedicated/step2</a></td>\r\n			<td>6. <a href=\"http://site-f.hostke.ru/site/dedicated.step.2.php\" target=\"_blank\">http://site-f.hostke.ru/site/dedicated.step.2.php</a></td>\r\n		</tr>\r\n		<tr>\r\n			<td>7. <a href=\"http://site-f.hostke.ru/domains\" target=\"_blank\">http://site-f.hostke.ru/domains</a></td>\r\n			<td>7. <a href=\"http://site-f.hostke.ru/site/domains.php\" target=\"_blank\">http://site-f.hostke.ru/site/domains.php</a></td>\r\n		</tr>\r\n		<tr>\r\n			<td>8. <a href=\"http://site-f.hostke.ru/domains2\" target=\"_blank\">http://site-f.hostke.ru/domains2</a></td>\r\n			<td>8. <a href=\"http://site-f.hostke.ru/site/domains.page.2.php\" target=\"_blank\">http://site-f.hostke.ru/site/domains.page.2.php</a></td>\r\n		</tr>\r\n		<tr>\r\n			<td>9. <a href=\"http://site-f.hostke.ru/faq\" target=\"_blank\">http://site-f.hostke.ru/faq</a></td>\r\n			<td>9. <a href=\"http://site-f.hostke.ru/site/faq.php\" target=\"_blank\">http://site-f.hostke.ru/site/faq.php</a></td>\r\n		</tr>\r\n		<tr>\r\n			<td>10. <a href=\"http://site-f.hostke.ru/hosting\" target=\"_blank\">http://site-f.hostke.ru/hosting</a></td>\r\n			<td>10. <a href=\"http://site-f.hostke.ru/site/hosting.php\" target=\"_blank\">http://site-f.hostke.ru/site/hosting.php</a></td>\r\n		</tr>\r\n		<tr>\r\n			<td>11. <a href=\"http://site-f.hostke.ru/main\" target=\"_blank\">http://site-f.hostke.ru/main</a></td>\r\n			<td>11. <a href=\"http://site-f.hostke.ru/site/main.page.2.php\" target=\"_blank\">http://site-f.hostke.ru/site/main.page.2.php</a></td>\r\n		</tr>\r\n		<tr>\r\n			<td>12. <a href=\"http://site-f.hostke.ru/cloud/manager\" target=\"_blank\">http://site-f.hostke.ru/cloud/manager</a></td>\r\n			<td>12. <a href=\"http://site-f.hostke.ru/site/managed.cloud.php\" target=\"_blank\">http://site-f.hostke.ru/site/managed.cloud.php</a></td>\r\n		</tr>\r\n		<tr>\r\n			<td>13. <a href=\"http://site-f.hostke.ru/news\" target=\"_blank\">http://site-f.hostke.ru/news</a></td>\r\n			<td>13. <a href=\"http://site-f.hostke.ru/site/news.php\" target=\"_blank\">http://site-f.hostke.ru/site/news.php</a><br />\r\n			13. <a href=\"http://site-f.hostke.ru/site/news.one.php\" target=\"_blank\">http://site-f.hostke.ru/site/news.one.php</a></td>\r\n		</tr>\r\n		<tr>\r\n			<td>14. <a href=\"http://site-f.hostke.ru/ssl\" target=\"_blank\">http://site-f.hostke.ru/ssl</a></td>\r\n			<td>14. <a href=\"http://site-f.hostke.ru/site/ssl.php\" target=\"_blank\">http://site-f.hostke.ru/site/ssl.php</a></td>\r\n		</tr>\r\n		<tr>\r\n			<td>15. <a href=\"http://site-f.hostke.ru/cloud/vds\" target=\"_blank\">http://site-f.hostke.ru/cloud/vds</a></td>\r\n			<td>15. <a href=\"http://site-f.hostke.ru/site/vds.cloud.php\" target=\"_blank\">http://site-f.hostke.ru/site/vds.cloud.php</a></td>\r\n		</tr>\r\n		<tr>\r\n			<td>16. <a href=\"http://site-f.hostke.ru/cloud/vds/step2\" target=\"_blank\">http://site-f.hostke.ru/cloud/vds/step2</a></td>\r\n			<td>16. <a href=\"http://site-f.hostke.ru/site/vds.step.2.php\" target=\"_blank\">http://site-f.hostke.ru/site/vds.step.2.php</a></td>\r\n		</tr>\r\n		<tr>\r\n			<td>17. <a href=\"http://site-f.hostke.ru/cloud/vps\" target=\"_blank\">http://site-f.hostke.ru/cloud/vps</a></td>\r\n			<td>17. <a href=\"http://site-f.hostke.ru/site/vps.php\" target=\"_blank\">http://site-f.hostke.ru/site/vps.php</a></td>\r\n		</tr>\r\n		<tr>\r\n			<td>18. <a href=\"http://site-f.hostke.ru/test1\" target=\"_blank\">http://site-f.hostke.ru/test1</a></td>\r\n			<td>18. <a href=\"http://site-f.hostke.ru/site/text.page.1.php\" target=\"_blank\">http://site-f.hostke.ru/site/text.page.1.php</a></td>\r\n		</tr>\r\n	</tbody>\r\n</table>','eur',NULL),(13,12,'/admin/site/section','section',NULL,'Zero_Main','Zero_Section_Grid','yes','yes','yes','yes',40,'Разделы','Разделы','Разделы','Разделы',NULL,'eur',NULL),(14,13,'/admin/site/section/edit','edit',NULL,'Zero_Main','Zero_Section_Edit','yes','yes','no','yes',10,'Разделы изменение','Разделы изменение','Разделы изменение','Разделы изменение',NULL,'eur',NULL),(15,11,'/admin/user/groups/edit/access','access',NULL,'Zero_Main','Zero_Groups_Access','yes','yes','yes','yes',10,'Права доступа','Права доступа','Права доступа','Права доступа',NULL,'eur',NULL),(16,29,'/admin/site/section/edit/content/edit','edit',NULL,'Zero_Main','Zero_Content_EditSection','yes','yes','no','yes',10,'Контент изменение','Контент изменение','Контент изменение','Контент изменение',NULL,'eur',NULL),(19,33,'/admin/system','system',NULL,'Zero_Main','Zero_Section_Page','yes','yes','yes','yes',20,'Система','Система','Система','Система',NULL,'eur',NULL),(20,19,'/admin/system/service','service',NULL,'Zero_Main','Zero_System_GridService','yes','yes','yes','yes',20,'Обслуживание','Обслуживание','Обслуживание','Обслуживание',NULL,'eur',NULL),(21,19,'/admin/system/file','file',NULL,'Zero_Main','Zero_System_FileManager','yes','yes','yes','yes',10,'Файловый менеджер','Файловый менеджер','Файловый менеджер','Файловый менеджер',NULL,'eur',NULL),(22,21,'/admin/system/file/edit','edit',NULL,'Zero_Main','Zero_System_FileEdit','yes','yes','no','yes',10,'Редактирование файла','Редактирование файла','Редактирование файла','Редактирование файла',NULL,'eur',NULL),(29,14,'/admin/site/section/edit/content','content',NULL,'Zero_Main','Zero_Content_GridSection','yes','yes','yes','yes',10,'Контент','Контент','Контент','Контент',NULL,'eur',NULL),(33,1,'/admin','admin',NULL,'Zero_Main','Zero_Section_Page','yes','yes','yes','yes',800,'CP','Административная часть','Административная часть','Административная часть',NULL,'eur',NULL),(40,12,'/admin/site/content','content',NULL,'Zero_Main','Zero_Content_Grid','yes','yes','yes','yes',10,'Контент','Контент','Контент','Контент',NULL,'eur',NULL),(41,40,'/admin/site/content/edit','edit',NULL,'Zero_Main','Zero_Content_Edit','yes','yes','no','yes',10,'Контент изменение','Контент изменение','Контент изменение','Контент изменение',NULL,'eur',NULL),(42,2,'/user/profile','profile',NULL,'Zero_Main','Zero_Users_Profile','yes','yes','no','no',50,'Профиль','Профиль','Профиль','Профиль',NULL,'eur',NULL),(43,76,'/about/news','news',NULL,'Content_About','Content_News_Page','no','yes','yes','yes',50,'Новости','Новости','Новости','Новости',NULL,'eur',NULL),(44,76,'/about/about','about',NULL,'Content_About','Content_Section_About','no','yes','yes','yes',60,'About','About','About','About','<div class=\"b-page\">\r\n<div class=\"b-page__promo b-page__promo_about_yes\">\r\n<h1 class=\"b-page__promo-title\">About us</h1>\r\n</div>\r\n\r\n<div class=\"b-about\">\r\n<div class=\"b-container\">\r\n<div class=\"b-col b-about__description\">\r\n<div class=\"b-col__item\">\r\n<h2 class=\"b-about__description-title\">Telecommunication company<br />\r\n&quot;Mir Telematiki&quot;<br />\r\n(World of telematics), trade mark<br />\r\n&quot;HOSTKEY&quot; is a joint venture with<br />\r\nforeign participation</h2>\r\n</div>\r\n\r\n<div class=\"b-col__item\">\r\n<p class=\"b-about__description-text\">Since 2007 it has been providing colocation services and leasing of equipment, as well as additional high quality services at competitive prices, using modern Russian and European data centers to corporate entities and private clients.</p>\r\n\r\n<p class=\"b-about__description-text\">The company operates on the basis of the licenses for provision of telematics services, issued by Russian Federal Surveillance Service for Mass Communications, Communications and Cultural Heritage Protection.</p>\r\n\r\n<p class=\"b-about__description-text\">The company acts in the capacity of an Silver Hosting partner of Microsoft Corporation,</p>\r\n</div>\r\n\r\n<div class=\"b-col__item\">\r\n<p class=\"b-about__description-text\">which guarantees legality and license transparency of the hosting services offered on the basis of Microsoft products.</p>\r\n\r\n<p class=\"b-about__description-text\">Our other partners include such companies as Synterra, Evoswitch, NewTelco, Ancotel, Optimal Telecom and many others.</p>\r\n\r\n<p class=\"b-about__description-text\">The experience and professionalism of HOSTKEY employees ensure high quality and prompt rendering of services requested, from installing to administering and to full support of a client`s IT system.</p>\r\n</div>\r\n</div>\r\n</div>\r\n\r\n<div class=\"b-page__promo b-page__promo_about-2_yes\">&nbsp;</div>\r\n\r\n<div class=\"b-about__offer\">\r\n<div class=\"b-container\">\r\n<h2 class=\"b-about__offer-title\">Advantages<br />\r\noffered</h2>\r\n</div>\r\n\r\n<div class=\"b-container\">\r\n<div class=\"b-col\">\r\n<div class=\"b-col__item b-col__item_x4 b-about__offer-item\"><img class=\"b-about__offer-image\" src=\"/assets/img/about-icon-1.png\" />\r\n<h3 class=\"b-about__offer-item-title\">No faceless standards</h3>\r\n\r\n<p class=\"b-about__offer-item-text\">Every client gets a maximally customized treatment. We are ready to meet your most advanced needs to server configuration.</p>\r\n</div>\r\n\r\n<div class=\"b-col__item b-col__item_x4 b-about__offer-item\"><img class=\"b-about__offer-image\" src=\"/assets/img/about-icon-2.png\" />\r\n<h3 class=\"b-about__offer-item-title\">a single entry point<br />\r\nfor both markets</h3>\r\n\r\n<p class=\"b-about__offer-item-text\">Оur goal is to help the Client out with all the infrastructure from the wire up to software solutions both in Russia and Europe</p>\r\n</div>\r\n\r\n<div class=\"b-col__item b-col__item_x4 b-about__offer-item\"><img class=\"b-about__offer-image\" src=\"/assets/img/about-icon-3.png\" />\r\n<h3 class=\"b-about__offer-item-title\">first hand servers</h3>\r\n\r\n<p class=\"b-about__offer-item-text\">Every server we sell has been assembled and checked personally</p>\r\n</div>\r\n\r\n<div class=\"b-col__item b-col__item_x4 b-about__offer-item\"><img class=\"b-about__offer-image\" src=\"/assets/img/about-icon-4.png\" />\r\n<h3 class=\"b-about__offer-item-title\">Promises we keep</h3>\r\n\r\n<p class=\"b-about__offer-item-text\">Qualified personnel, professional services for both the experienced and the newbies</p>\r\n</div>\r\n</div>\r\n\r\n<div class=\"b-col\">\r\n<div class=\"b-col__item b-col__item_x4 b-about__offer-item\"><img class=\"b-about__offer-image\" src=\"/assets/img/about-icon-5.png\" />\r\n<h3 class=\"b-about__offer-item-title\">We fulfill what others don&rsquo;t dare</h3>\r\n\r\n<p class=\"b-about__offer-item-text\">However complicated a project never scares us. Where others flinch we find a way</p>\r\n</div>\r\n\r\n<div class=\"b-col__item b-col__item_x4 b-about__offer-item\"><img class=\"b-about__offer-image\" src=\"/assets/img/about-icon-6.png\" />\r\n<h3 class=\"b-about__offer-item-title\">Years of excellence</h3>\r\n\r\n<p class=\"b-about__offer-item-text\">Earned clients&rsquo; respect and a reputation to be proud of</p>\r\n</div>\r\n\r\n<div class=\"b-col__item b-col__item_x4 b-about__offer-item\"><img class=\"b-about__offer-image\" src=\"/assets/img/about-icon-7.png\" />\r\n<h3 class=\"b-about__offer-item-title\">professionals for<br />\r\nprofessionals</h3>\r\n\r\n<p class=\"b-about__offer-item-text\">We speak the language of IT specialists from sales to day-to-day support</p>\r\n</div>\r\n\r\n<div class=\"b-col__item b-col__item_x4 b-about__offer-item\"><img class=\"b-about__offer-image\" src=\"/assets/img/about-icon-8.png\" />\r\n<h3 class=\"b-about__offer-item-title\">No needles thrift</h3>\r\n\r\n<p class=\"b-about__offer-item-text\">Resellers and Affiliates enjoy superior conditions. Call back for regular sales and special actions</p>\r\n</div>\r\n</div>\r\n</div>\r\n</div>\r\n</div>\r\n\r\n<div class=\"footer-push\">&nbsp;</div>\r\n</div>','eur',NULL),(45,76,'/about/contacts','contacts',NULL,'Content_Contacts','Content_Section_Contacts','no','yes','yes','yes',70,'Contacts','Contacts','Contacts','Contacts','<div class=\"b-page b-page_contacts-page_yes\">\r\n<div class=\"b-page__promo b-page__promo_faq_yes\">\r\n<h1 class=\"b-page__promo-title\">Contacts</h1>\r\n</div>\r\n\r\n<div class=\"b-contacts\">\r\n<div class=\"b-container\">\r\n<div class=\"b-contacts__text\">Technical Support</div>\r\n\r\n<p class=\"b-contacts__text b-contacts__text_inline_yes\">Phone / fax: +7 (916) 479 73 41</p>\r\n\r\n<p class=\"b-contacts__text b-contacts__text_inline_yes b-contacts__text_red_yes\">support@hostkey.ru</p>\r\n</div>\r\n\r\n<div class=\"b-contacts__list js-tab-wrapper\">\r\n<div class=\"b-contacts__switch\">\r\n<div class=\"b-container\">\r\n<div class=\"b-contacts__title current js-add-map js-tab\" data-pos-x=\"55.783485\" data-pos-y=\"37.709158\" data-tab=\"1\">Central office</div>\r\n\r\n<div class=\"b-contacts__title js-add-map js-tab\" data-pos-x=\"55.697631\" data-pos-y=\"37.565654\" data-tab=\"2\">data centers in Russia</div>\r\n\r\n<div class=\"b-contacts__title js-add-map js-tab\" data-pos-x=\"52.543666\" data-pos-y=\"5.70521\" data-tab=\"3\">data centers in netherlands</div>\r\n</div>\r\n</div>\r\n\r\n<div class=\"b-contacts__item js-tab-content current\" data-tab=\"1\">\r\n<div class=\"b-container\">\r\n<div class=\"b-contacts__description\">The technical services of the data center are available 7 days a week and 24 hours a day.<br />\r\nPlease, confirm 24h prior to your visit.</div>\r\n\r\n<div class=\"b-contacts__description\">ADDRESS:</div>\r\n\r\n<div class=\"js-add-map\" data-pos-x=\"55.783485\" data-pos-y=\"37.709158\">\r\n<div class=\"b-contacts__item-link\"><a class=\"b-contacts__item-map js-map\" href=\"#\">Barabanniy per, 4/4, Moscow, Russia </a></div>\r\n</div>\r\n\r\n<div class=\"js-add-map\" data-pos-x=\"52.3835427\" data-pos-y=\"4.8882864\">\r\n<div class=\"b-contacts__item-link\"><a class=\"b-contacts__item-map js-map\" href=\"#\">Tussen de Bogen 6, 1013JB Amsteram </a></div>\r\n</div>\r\n</div>\r\n</div>\r\n\r\n<div class=\"b-contacts__item js-tab-content\" data-tab=\"2\">\r\n<div class=\"b-container\">\r\n<div class=\"b-contacts__description\">The technical services of the data center are available 7 days a week and 24 hours a day.<br />\r\nPlease, confirm 24h prior to your visit.</div>\r\n\r\n<div class=\"b-contacts__description\">ADDRESS:</div>\r\n\r\n<div class=\"js-add-map\" data-pos-x=\"55.697631\" data-pos-y=\"37.565654\">\r\n<div class=\"b-contacts__item-link\"><a class=\"b-contacts__item-map js-map\" href=\"#\">Leninskiy prospekt 53, 119333 Moscow </a></div>\r\n</div>\r\n\r\n<div class=\"js-add-map\" data-pos-x=\"55.736262\" data-pos-y=\"37.721089\">\r\n<div class=\"b-contacts__item-link\"><a class=\"b-contacts__item-map js-map\" href=\"#\">Aviamotornaya Str 69, 111024 Moscow </a></div>\r\n</div>\r\n\r\n<div class=\"js-add-map\" data-pos-x=\"55.8858983\" data-pos-y=\"37.5147407\">\r\n<div class=\"b-contacts__item-link\"><a class=\"b-contacts__item-map js-map\" href=\"#\">Korovinskoe shosse, 41, 125 412 Moscow </a></div>\r\n</div>\r\n</div>\r\n</div>\r\n\r\n<div class=\"b-contacts__item js-tab-content\" data-tab=\"3\">\r\n<div class=\"b-container\">\r\n<div class=\"b-contacts__description\">The technical services of the data center are available 7 days a week and 24 hours a day.<br />\r\nPlease, confirm 24h prior to your visit.</div>\r\n\r\n<div class=\"b-contacts__description\">ADDRESS:</div>\r\n\r\n<div class=\"js-add-map\" data-pos-x=\"52.543666\" data-pos-y=\"5.70521\">\r\n<div class=\"b-contacts__item-link\"><a class=\"b-contacts__item-map js-map\" href=\"#\">De Linge 26, 8253PJ Dronten </a></div>\r\n</div>\r\n</div>\r\n</div>\r\n</div>\r\n\r\n<div class=\"map-canvas-wrapper\">\r\n<div class=\"map-canvas\" id=\"map-canvas\">&nbsp;</div>\r\n</div>\r\n</div>\r\n\r\n<div class=\"footer-push footer-push_contacts-page_yes\">&nbsp;</div>\r\n</div>','eur',NULL),(47,33,'/admin/content','content',NULL,'Zero_Main','Zero_Section_Page','yes','yes','yes','no',80,'Контент','Контент','Контент','Контент',NULL,'eur',NULL),(48,47,'/admin/content/news','news',NULL,'Zero_Main','Content_News_Grid','yes','yes','yes','no',10,'Новости','Новости','Новости','Новости',NULL,'eur',NULL),(49,48,'/admin/content/news/edit','edit',NULL,'Zero_Main','Content_News_Edit','yes','yes','no','no',10,'Новости изменение','Новости изменение','Новости изменение','Новости изменение',NULL,'eur',NULL),(50,1,'/dedicated','dedicated',NULL,'Shop_Dedicated','Shop_Dedicated_Page','no','yes','yes','yes',50,'Dedicated','Dedicated','Dedicated','Dedicated',NULL,'eur',NULL),(52,50,'/dedicated/select','select',NULL,'Shop_Dedicated','Shop_Dedicated_Select','no','yes','yes','yes',10,'Dedicated Service','Dedicated Service','Dedicated Service','Dedicated Service',NULL,'eur',NULL),(54,50,'/dedicated/step2','step2',NULL,'Shop_Dedicated','Shop_Dedicated_Step2','no','yes','yes','yes',20,'step2','step2','step2','step2',NULL,'eur','NL,Mini'),(55,1,'/cloud','cloud',NULL,'Content_Main','Content_Section_Main','no','yes','yes','yes',30,'Cloud','Cloud','Cloud','Cloud',NULL,'eur',NULL),(56,55,'/cloud/manager','manager',NULL,'Content_Cloud','Shop_Cloud_Manager','no','yes','yes','yes',10,'Manager','Manager','Manager','Manager',NULL,'eur',NULL),(57,55,'/cloud/vds','vds',NULL,'Content_Cloud','Shop_Cloud_VdsStep1','no','yes','yes','yes',20,'Vda1','Vda1','Vda1','Vda1',NULL,'eur',NULL),(58,57,'/cloud/vds/step2','step2',NULL,'Content_Cloud','Shop_Cloud_VdsStep2','no','yes','yes','yes',10,'Vds2','Vds2','Vds2','Vds2',NULL,'eur',NULL),(59,55,'/cloud/vps','vps',NULL,'Content_Cloud','Shop_Cloud_VpsStep1','no','yes','yes','yes',30,'Vps1','Vps1','Vps1','Vps1',NULL,'eur',NULL),(60,1,'/test1','test1',NULL,'Content_Test','Content_Section_Test','no','yes','yes','yes',90,'Hostkey. Text. Page 1','Hostkey. Text. Page 1','Hostkey. Text. Page 1','Hostkey. Text. Page 1',NULL,'eur',NULL),(61,1,'/domains','domains',NULL,'Content_Domains','Shop_Domains_Page','no','yes','yes','no',200,'domains','domains','domains','domains',NULL,'eur',NULL),(62,1,'/domains2','domains2',NULL,'Content_Domains','Shop_Domains_Page2','no','yes','yes','no',210,'domains2','domains2','domains2','domains2',NULL,'eur',NULL),(63,1,'/domains/popup','domains/popup',NULL,NULL,'Shop_Domains_Popup','no','yes','yes','no',230,'domains/popup','domains/popup','domains/popup','domains/popup',NULL,'eur',NULL),(64,1,'/faq','faq',NULL,'Content_About','Content_Section_Faq','no','yes','yes','no',230,'faq','faq','faq','faq',NULL,'eur',NULL),(65,1,'/hosting','hosting',NULL,'Content_Cloud','Shop_Hosting_Page','no','yes','yes','no',250,'hosting','hosting','hosting','hosting',NULL,'eur',NULL),(66,1,'/main','main',NULL,'Content_Main','Content_Section_Main2','no','yes','yes','no',260,'main','main','main','main',NULL,'eur',NULL),(67,1,'/ssl','ssl',NULL,'Content_About','Shop_Ssl_Page','no','yes','yes','no',280,'ssl','ssl','ssl','ssl',NULL,'eur',NULL),(68,14,'/admin/site/section/edit/contentblock','contentblock',NULL,'Zero_Main','Content_ContentBlock_GridSection','yes','yes','yes','yes',20,'Контент-блоки','Контент-блоки','Контент-блоки','Контент-блоки',NULL,'eur',NULL),(69,68,'/admin/site/section/edit/contentblock/edit','edit',NULL,'Zero_Main','Content_ContentBlock_EditSection','yes','yes','no','yes',20,'Контент-блоки изменение','Контент-блоки изменение','Контент-блоки изменение','Контент-блоки изменение',NULL,'eur',NULL),(71,1,'/api','api',NULL,NULL,NULL,'no','yes','no','no',900,'api',NULL,NULL,NULL,NULL,'eur',NULL),(72,71,'/api/v1','v1',NULL,NULL,NULL,'no','yes','no','no',NULL,'v1',NULL,NULL,NULL,NULL,'eur',NULL),(73,72,'/api/v1/configcalculator','configcalculator',NULL,NULL,NULL,'no','yes','no','no',NULL,'ConfigCalculator',NULL,NULL,NULL,NULL,'eur',NULL),(74,73,'/api/v1/configcalculator/getconfig','getconfig',NULL,NULL,'Shop_ConfigCalculator_Api_GetConfig','no','yes','no','no',NULL,'GetConfig',NULL,NULL,NULL,NULL,'eur',NULL),(75,73,'/api/v1/configcalculator/order','order',NULL,NULL,'Shop_ConfigCalculator_Api_Order','no','yes','no','no',NULL,'Order',NULL,NULL,NULL,NULL,'eur',NULL),(76,1,'/about','about','/about/about',NULL,NULL,'no','yes','yes','yes',456,'About','About','About','About',NULL,'eur',NULL),(77,33,'/admin/shop','shop',NULL,'Zero_Main','Zero_Content_Page','yes','yes','yes','no',200,'Магазин','Магазин','Магазин','Магазин','<p>Магазин</p>','eur',NULL),(78,77,'/admin/shop/configcalculator','configcalculator',NULL,'Zero_Main','Shop_ConfigCalculator_Grid','yes','yes','yes','no',10,'Конфигурации калькулятора','Конфигурации калькулятора','Конфигурации калькулятора','Конфигурации калькулятора',NULL,'eur',NULL),(79,78,'/admin/shop/configcalculator/edit','edit',NULL,'Zero_Main','Shop_ConfigCalculator_Edit','yes','yes','no','no',10,'Изменение','Изменение','Изменение','Изменение',NULL,'eur',NULL);

/*Table structure for table `Users` */

DROP TABLE IF EXISTS `Users`;

CREATE TABLE `Users` (
  `ID` bigint(20) NOT NULL AUTO_INCREMENT,
  `Groups_ID` bigint(20) DEFAULT NULL,
  `Users_ID` bigint(20) DEFAULT NULL,
  `Name` varchar(100) DEFAULT NULL,
  `Login` varchar(50) NOT NULL,
  `Password` varchar(50) DEFAULT NULL,
  `IsAccess` enum('open','close') NOT NULL DEFAULT 'open',
  `Email` varchar(50) NOT NULL,
  `Phone` varchar(50) DEFAULT NULL,
  `Skype` varchar(50) DEFAULT NULL,
  `IsCondition` enum('yes','no') NOT NULL DEFAULT 'yes',
  `ImgAvatar` varchar(150) DEFAULT NULL,
  `IsOnline` enum('no','yes') NOT NULL DEFAULT 'no',
  `DateOnline` datetime DEFAULT NULL,
  `Date` datetime DEFAULT NULL,
  `Address` varchar(500) DEFAULT NULL,
  `Token` varchar(50) DEFAULT NULL,
  PRIMARY KEY (`ID`),
  KEY `Zero_Groups_ID` (`Groups_ID`),
  KEY `Zero_Users_ID` (`Users_ID`),
  CONSTRAINT `Users_ibfk_1` FOREIGN KEY (`Groups_ID`) REFERENCES `Groups` (`ID`) ON UPDATE CASCADE,
  CONSTRAINT `Users_ibfk_2` FOREIGN KEY (`Users_ID`) REFERENCES `Users` (`ID`) ON UPDATE CASCADE
) ENGINE=InnoDB AUTO_INCREMENT=4 DEFAULT CHARSET=utf8 ROW_FORMAT=FIXED;

/*Data for the table `Users` */

insert  into `Users`(`ID`,`Groups_ID`,`Users_ID`,`Name`,`Login`,`Password`,`IsAccess`,`Email`,`Phone`,`Skype`,`IsCondition`,`ImgAvatar`,`IsOnline`,`DateOnline`,`Date`,`Address`,`Token`) values (1,1,NULL,'Разработчик','dev','e77989ed21758e78331b20e477fc5582','open','test@test.ru',NULL,NULL,'no',NULL,'yes','2015-10-26 15:03:41',NULL,NULL,NULL),(2,1,1,'Alex','alex','534b44a19bf18d20b71ecc4eb77c572f','open','alex@hostkey.ru',NULL,NULL,'yes',NULL,'yes','2015-08-19 18:28:53','2015-08-19 18:25:53',NULL,NULL),(3,1,2,'Огарь','ogar','0bb5ce01b351772c16e54988845b4ad8','open','aogar@hostkey.com',NULL,NULL,'yes',NULL,'yes','2015-08-19 18:50:03','2015-08-19 18:28:53',NULL,NULL);

/*!40101 SET SQL_MODE=@OLD_SQL_MODE */;
/*!40014 SET FOREIGN_KEY_CHECKS=@OLD_FOREIGN_KEY_CHECKS */;
/*!40014 SET UNIQUE_CHECKS=@OLD_UNIQUE_CHECKS */;
/*!40111 SET SQL_NOTES=@OLD_SQL_NOTES */;
